{
  "model_info": {
    "architecture": "AlexNet",
    "dataset": "CIFAR10",
    "total_parameters": 58325066,
    "trainable_parameters": 58325066
  },
  "training_config": {
    "num_epochs": 5,
    "batch_size": 64,
    "learning_rate": 0.005,
    "optimizer": "SGD",
    "momentum": 0.9,
    "weight_decay": 0.005
  },
  "final_metrics": {
    "final_train_accuracy": 0.7605777777777778,
    "final_val_accuracy": 0.7528,
    "final_train_loss": 0.6821493257840474,
    "final_val_loss": 0.7037918051719666,
    "best_val_accuracy": 0.7544,
    "best_val_epoch": 4
  },
  "training_metrics": {
    "epoch": [
      1,
      2,
      3,
      4,
      5
    ],
    "train_loss": [
      1.4077993309020995,
      0.9917833040661282,
      0.831285247209337,
      0.7431152918338776,
      0.6821493257840474
    ],
    "train_acc": [
      0.48477777777777775,
      0.6476,
      0.7083333333333334,
      0.7377777777777778,
      0.7605777777777778
    ],
    "val_loss": [
      1.1566149021148682,
      0.8934907093048096,
      0.7364685173034669,
      0.6958890975475311,
      0.7037918051719666
    ],
    "val_acc": [
      0.5758,
      0.6922,
      0.7412,
      0.7544,
      0.7528
    ],
    "learning_rate": [
      0.005,
      0.005,
      0.005,
      0.005,
      0.005
    ],
    "epoch_time": [
      1629.8491261005402,
      1648.4120202064514,
      1312.5466585159302,
      1245.7342007160187,
      1254.6331703662872
    ]
  },
  "timestamp": "2025-10-06T04:15:33.642372"
}